{"cameraMode":{"drawMode":0,"name":"Shaded","section":"Shading Mode"},"sceneLighting":true,"audioPlay":false,"sceneViewState":{"m_AlwaysRefresh":false,"showFog":true,"showSkybox":true,"showFlares":true,"showImageEffects":true,"showParticleSystems":true,"showVisualEffectGraphs":true,"m_FxEnabled":true},"in2DMode":false,"pivot":{"x":0.00028252601623535156,"y":2.617413282394409,"z":-5.231904029846191},"rotation":{"x":-0.08205783367156983,"y":0.7165118455886841,"z":-0.08553534746170044,"w":-0.687447190284729},"size":13.532917976379395,"orthographic":false}