{"cameraMode":{"drawMode":0,"name":"Shaded","section":"Shading Mode"},"sceneLighting":true,"audioPlay":false,"sceneViewState":{"m_AlwaysRefresh":false,"showFog":true,"showSkybox":true,"showFlares":true,"showImageEffects":true,"showParticleSystems":true,"showVisualEffectGraphs":true,"m_FxEnabled":true},"in2DMode":false,"pivot":{"x":7.889019012451172,"y":8.531516075134278,"z":-16.030681610107423},"rotation":{"x":0.27081626653671267,"y":-0.0985783040523529,"z":0.027833690866827966,"w":0.9572157859802246},"size":12.973489761352539,"orthographic":false}