{"cameraMode":{"drawMode":0,"name":"Shaded","section":"Shading Mode"},"sceneLighting":true,"audioPlay":false,"sceneViewState":{"m_AlwaysRefresh":false,"showFog":true,"showSkybox":true,"showFlares":true,"showImageEffects":true,"showParticleSystems":true,"showVisualEffectGraphs":true,"m_FxEnabled":true},"in2DMode":false,"pivot":{"x":-3.7978639602661135,"y":3.3818936347961427,"z":-0.24196672439575196},"rotation":{"x":-0.03974393755197525,"y":0.9546548128128052,"z":-0.14898186922073365,"w":-0.25467342138290408},"size":7.211439609527588,"orthographic":false}